{
    "rmse": 0.26587959475423795,
    "mae": 0.22381850213212823
}