{
    "rmse": 0.2668141433967566,
    "mae": 0.22371287783950078
}